email address,item01 score,item02 score,item03 score,item04 score,item05 score,item06 score,item07 score,item08 score,item09 score,item10 score,item11 score,item01 responded at,item02 responded at,item03 responded at,item04 responded at,item05 responded at,item06 responded at,item07 responded at,item08 responded at,item09 responded at,item10 responded at,item11 responded at
UTKIJ1509E@gmail.com,0,1,1,1,1,0,1,1,0,1,0,2017-12-01T02:26:59Z,2017-12-01T02:27:09Z,2017-12-01T02:27:29Z,2017-12-01T02:27:50Z,2017-12-01T02:28:07Z,2017-12-01T02:28:50Z,2017-12-01T02:29:41Z,2017-12-01T02:30:30Z,2017-12-01T02:31:20Z,2017-12-01T02:32:08Z,2017-12-01T02:33:02Z
UPXWZ8813U@gmail.com,0,1,1,1,1,1,0,1,1,1,1,2017-12-01T09:32:14Z,2017-12-01T09:32:26Z,2017-12-01T09:32:37Z,2017-12-01T09:33:02Z,2017-12-01T09:33:27Z,2017-12-01T09:34:13Z,2017-12-01T09:34:56Z,2017-12-01T09:35:42Z,2017-12-01T09:36:27Z,2017-12-01T09:37:12Z,2017-12-01T09:38:05Z
ECDEM7888E@gmail.com,1,1,1,0,1,1,0,1,0,1,1,2017-12-01T15:10:33Z,2017-12-01T15:10:36Z,2017-12-01T15:10:52Z,2017-12-01T15:11:08Z,2017-12-01T15:11:28Z,2017-12-01T15:12:08Z,2017-12-01T15:13:02Z,2017-12-01T15:13:55Z,2017-12-01T15:14:51Z,2017-12-01T15:15:41Z,2017-12-01T15:16:31Z
NWGDV0987P@gmail.com,1,1,1,0,1,1,1,1,1,1,1,2017-12-01T15:32:35Z,2017-12-01T15:32:39Z,2017-12-01T15:32:53Z,2017-12-01T15:33:14Z,2017-12-01T15:33:36Z,2017-12-01T15:34:23Z,2017-12-01T15:35:16Z,2017-12-01T15:36:09Z,2017-12-01T15:36:55Z,2017-12-01T15:37:47Z,2017-12-01T15:38:39Z
FTXHN4576J@gmail.com,0,1,1,0,1,1,0,1,1,0,1,2017-12-01T17:41:31Z,2017-12-01T17:41:37Z,2017-12-01T17:41:59Z,2017-12-01T17:42:20Z,2017-12-01T17:42:41Z,2017-12-01T17:43:27Z,2017-12-01T17:44:18Z,2017-12-01T17:45:08Z,2017-12-01T17:45:55Z,2017-12-01T17:46:47Z,2017-12-01T17:47:36Z
ITNWT9882E@gmail.com,1,0,0,1,1,0,1,1,0,1,0,2017-12-01T23:04:26Z,2017-12-01T23:04:40Z,2017-12-01T23:04:53Z,2017-12-01T23:05:09Z,2017-12-01T23:05:29Z,2017-12-01T23:06:14Z,2017-12-01T23:06:57Z,2017-12-01T23:07:53Z,2017-12-01T23:08:38Z,2017-12-01T23:09:27Z,2017-12-01T23:10:23Z
FANED5031A@gmail.com,1,0,0,1,0,1,1,1,0,1,1,2017-12-02T03:42:30Z,2017-12-02T03:42:35Z,2017-12-02T03:42:54Z,2017-12-02T03:43:12Z,2017-12-02T03:43:33Z,2017-12-02T03:44:22Z,2017-12-02T03:45:12Z,2017-12-02T03:46:04Z,2017-12-02T03:46:42Z,2017-12-02T03:47:31Z,2017-12-02T03:48:20Z
FQYJV1821Q@gmail.com,1,1,1,1,1,1,1,1,1,1,0,2017-12-02T13:20:11Z,2017-12-02T13:20:28Z,2017-12-02T13:20:44Z,2017-12-02T13:20:56Z,2017-12-02T13:21:10Z,2017-12-02T13:21:55Z,2017-12-02T13:22:42Z,2017-12-02T13:23:37Z,2017-12-02T13:24:21Z,2017-12-02T13:25:12Z,2017-12-02T13:26:02Z
DAVYO4155E@gmail.com,1,1,0,0,1,1,1,1,1,0,0,2017-12-02T20:56:28Z,2017-12-02T20:56:41Z,2017-12-02T20:56:50Z,2017-12-02T20:57:02Z,2017-12-02T20:57:26Z,2017-12-02T20:58:09Z,2017-12-02T20:58:57Z,2017-12-02T20:59:48Z,2017-12-02T21:00:42Z,2017-12-02T21:01:29Z,2017-12-02T21:02:24Z
IJEFL0871K@gmail.com,0,1,1,1,0,1,1,1,0,1,1,2017-12-03T06:19:45Z,2017-12-03T06:19:55Z,2017-12-03T06:20:07Z,2017-12-03T06:20:24Z,2017-12-03T06:20:49Z,2017-12-03T06:21:29Z,2017-12-03T06:22:12Z,2017-12-03T06:23:07Z,2017-12-03T06:23:55Z,2017-12-03T06:24:46Z,2017-12-03T06:25:32Z
BRIEQ5909Q@gmail.com,1,0,1,0,0,0,1,1,0,1,1,2017-12-03T15:26:41Z,2017-12-03T15:26:48Z,2017-12-03T15:26:58Z,2017-12-03T15:27:19Z,2017-12-03T15:27:41Z,2017-12-03T15:28:26Z,2017-12-03T15:29:23Z,2017-12-03T15:30:14Z,2017-12-03T15:31:04Z,2017-12-03T15:31:59Z,2017-12-03T15:32:51Z
JBDKB3414Z@gmail.com,1,1,1,1,1,0,0,1,1,1,1,2017-12-03T16:42:02Z,2017-12-03T16:42:15Z,2017-12-03T16:42:25Z,2017-12-03T16:42:43Z,2017-12-03T16:42:58Z,2017-12-03T16:43:39Z,2017-12-03T16:44:26Z,2017-12-03T16:45:12Z,2017-12-03T16:46:11Z,2017-12-03T16:47:00Z,2017-12-03T16:47:47Z
GFQZO4207H@gmail.com,1,1,1,1,0,1,1,1,0,1,1,2017-12-03T19:14:17Z,2017-12-03T19:14:22Z,2017-12-03T19:14:37Z,2017-12-03T19:14:58Z,2017-12-03T19:15:12Z,2017-12-03T19:15:58Z,2017-12-03T19:16:53Z,2017-12-03T19:17:46Z,2017-12-03T19:18:37Z,2017-12-03T19:19:27Z,2017-12-03T19:20:18Z
KPLPN4382B@gmail.com,1,0,1,1,1,0,0,0,1,0,1,2017-12-03T23:25:49Z,2017-12-03T23:26:04Z,2017-12-03T23:26:11Z,2017-12-03T23:26:31Z,2017-12-03T23:27:00Z,2017-12-03T23:27:36Z,2017-12-03T23:28:17Z,2017-12-03T23:28:59Z,2017-12-03T23:29:55Z,2017-12-03T23:30:44Z,2017-12-03T23:31:28Z
XRSUA4670N@gmail.com,1,0,0,1,1,0,1,0,0,1,1,2017-12-04T12:25:19Z,2017-12-04T12:25:29Z,2017-12-04T12:25:41Z,2017-12-04T12:25:59Z,2017-12-04T12:26:14Z,2017-12-04T12:27:01Z,2017-12-04T12:27:48Z,2017-12-04T12:28:37Z,2017-12-04T12:29:22Z,2017-12-04T12:30:18Z,2017-12-04T12:31:03Z
VQGTN2070F@gmail.com,1,1,1,1,0,1,1,0,0,1,1,2017-12-04T12:45:50Z,2017-12-04T12:45:56Z,2017-12-04T12:46:10Z,2017-12-04T12:46:29Z,2017-12-04T12:46:51Z,2017-12-04T12:47:41Z,2017-12-04T12:48:28Z,2017-12-04T12:49:15Z,2017-12-04T12:50:11Z,2017-12-04T12:50:54Z,2017-12-04T12:51:40Z
WHGTB4681C@gmail.com,1,0,1,1,0,1,0,1,0,0,0,2017-12-05T02:49:53Z,2017-12-05T02:50:06Z,2017-12-05T02:50:19Z,2017-12-05T02:50:45Z,2017-12-05T02:51:07Z,2017-12-05T02:51:53Z,2017-12-05T02:52:41Z,2017-12-05T02:53:27Z,2017-12-05T02:54:14Z,2017-12-05T02:55:08Z,2017-12-05T02:56:01Z
NDUUR9603H@gmail.com,1,1,0,1,1,1,1,1,1,1,1,2017-12-05T05:55:32Z,2017-12-05T05:55:46Z,2017-12-05T05:55:59Z,2017-12-05T05:56:14Z,2017-12-05T05:56:34Z,2017-12-05T05:57:23Z,2017-12-05T05:58:20Z,2017-12-05T05:59:05Z,2017-12-05T05:59:57Z,2017-12-05T06:00:46Z,2017-12-05T06:01:43Z
IPXRS7337J@gmail.com,1,0,0,1,1,1,0,1,1,1,1,2017-12-05T15:23:30Z,2017-12-05T15:23:43Z,2017-12-05T15:24:00Z,2017-12-05T15:24:19Z,2017-12-05T15:24:39Z,2017-12-05T15:25:24Z,2017-12-05T15:26:11Z,2017-12-05T15:27:06Z,2017-12-05T15:27:59Z,2017-12-05T15:28:50Z,2017-12-05T15:29:40Z
UPQQY8595I@gmail.com,1,1,1,1,1,1,1,1,1,1,1,2017-12-06T02:06:32Z,2017-12-06T02:06:42Z,2017-12-06T02:06:53Z,2017-12-06T02:07:07Z,2017-12-06T02:07:31Z,2017-12-06T02:08:10Z,2017-12-06T02:08:56Z,2017-12-06T02:09:42Z,2017-12-06T02:10:33Z,2017-12-06T02:11:27Z,2017-12-06T02:12:16Z
FDWGC4708G@gmail.com,0,1,1,1,1,1,1,1,1,1,0,2017-12-06T13:30:12Z,2017-12-06T13:30:28Z,2017-12-06T13:30:44Z,2017-12-06T13:31:04Z,2017-12-06T13:31:31Z,2017-12-06T13:32:09Z,2017-12-06T13:32:51Z,2017-12-06T13:33:46Z,2017-12-06T13:34:36Z,2017-12-06T13:35:29Z,2017-12-06T13:36:11Z
VGCXM6138O@gmail.com,1,0,0,1,1,1,0,1,1,1,0,2017-12-06T19:17:32Z,2017-12-06T19:17:46Z,2017-12-06T19:18:07Z,2017-12-06T19:18:26Z,2017-12-06T19:18:44Z,2017-12-06T19:19:28Z,2017-12-06T19:20:23Z,2017-12-06T19:21:20Z,2017-12-06T19:22:05Z,2017-12-06T19:22:50Z,2017-12-06T19:23:44Z
FYPMM8353A@gmail.com,1,0,0,1,0,1,1,1,0,0,0,2017-12-07T01:41:30Z,2017-12-07T01:41:40Z,2017-12-07T01:41:54Z,2017-12-07T01:42:14Z,2017-12-07T01:42:33Z,2017-12-07T01:43:19Z,2017-12-07T01:44:10Z,2017-12-07T01:44:59Z,2017-12-07T01:45:50Z,2017-12-07T01:46:45Z,2017-12-07T01:47:32Z
IOETV2344N@gmail.com,1,1,0,1,1,1,1,0,0,1,1,2017-12-07T05:24:47Z,2017-12-07T05:24:58Z,2017-12-07T05:25:13Z,2017-12-07T05:25:34Z,2017-12-07T05:26:01Z,2017-12-07T05:26:44Z,2017-12-07T05:27:33Z,2017-12-07T05:28:21Z,2017-12-07T05:29:06Z,2017-12-07T05:29:53Z,2017-12-07T05:30:41Z
WGBIA4052Y@gmail.com,1,1,1,1,1,1,1,1,1,1,0,2017-12-07T07:08:32Z,2017-12-07T07:08:36Z,2017-12-07T07:08:50Z,2017-12-07T07:09:12Z,2017-12-07T07:09:35Z,2017-12-07T07:10:18Z,2017-12-07T07:11:11Z,2017-12-07T07:12:02Z,2017-12-07T07:13:03Z,2017-12-07T07:13:52Z,2017-12-07T07:14:40Z
TZLGQ2186O@gmail.com,0,0,1,0,0,1,0,1,0,1,1,2017-12-08T06:52:50Z,2017-12-08T06:53:01Z,2017-12-08T06:53:13Z,2017-12-08T06:53:35Z,2017-12-08T06:53:51Z,2017-12-08T06:54:30Z,2017-12-08T06:55:20Z,2017-12-08T06:56:08Z,2017-12-08T06:56:59Z,2017-12-08T06:57:48Z,2017-12-08T06:58:37Z
NSDUU8650E@gmail.com,0,1,1,1,1,1,1,1,1,1,1,2017-12-08T07:22:06Z,2017-12-08T07:22:19Z,2017-12-08T07:22:30Z,2017-12-08T07:22:50Z,2017-12-08T07:23:10Z,2017-12-08T07:24:01Z,2017-12-08T07:24:48Z,2017-12-08T07:25:40Z,2017-12-08T07:26:37Z,2017-12-08T07:27:25Z,2017-12-08T07:28:15Z
VIKNZ8532R@gmail.com,0,1,1,1,1,1,1,0,1,0,0,2017-12-09T14:11:59Z,2017-12-09T14:12:05Z,2017-12-09T14:12:18Z,2017-12-09T14:12:38Z,2017-12-09T14:12:56Z,2017-12-09T14:13:39Z,2017-12-09T14:14:27Z,2017-12-09T14:15:17Z,2017-12-09T14:16:09Z,2017-12-09T14:16:55Z,2017-12-09T14:17:36Z
ZYOIJ2808Z@gmail.com,1,1,1,1,1,1,1,1,1,1,0,2017-12-09T20:32:58Z,2017-12-09T20:33:13Z,2017-12-09T20:33:24Z,2017-12-09T20:33:43Z,2017-12-09T20:34:01Z,2017-12-09T20:34:49Z,2017-12-09T20:35:43Z,2017-12-09T20:36:39Z,2017-12-09T20:37:36Z,2017-12-09T20:38:23Z,2017-12-09T20:39:09Z
FNUVA5346I@gmail.com,1,1,1,1,0,1,0,0,0,1,0,2017-12-10T04:02:49Z,2017-12-10T04:02:56Z,2017-12-10T04:03:07Z,2017-12-10T04:03:29Z,2017-12-10T04:03:51Z,2017-12-10T04:04:34Z,2017-12-10T04:05:23Z,2017-12-10T04:06:21Z,2017-12-10T04:07:05Z,2017-12-10T04:07:52Z,2017-12-10T04:08:39Z
PBVHI1554X@gmail.com,1,1,0,1,1,0,1,1,1,0,1,2017-12-10T22:38:49Z,2017-12-10T22:38:57Z,2017-12-10T22:39:08Z,2017-12-10T22:39:26Z,2017-12-10T22:39:52Z,2017-12-10T22:40:38Z,2017-12-10T22:41:28Z,2017-12-10T22:42:20Z,2017-12-10T22:43:07Z,2017-12-10T22:44:04Z,2017-12-10T22:44:52Z
XCGVY6817O@gmail.com,1,0,1,1,1,1,1,0,0,1,0,2017-12-11T05:17:42Z,2017-12-11T05:17:55Z,2017-12-11T05:18:09Z,2017-12-11T05:18:36Z,2017-12-11T05:18:54Z,2017-12-11T05:19:34Z,2017-12-11T05:20:26Z,2017-12-11T05:21:06Z,2017-12-11T05:21:51Z,2017-12-11T05:22:41Z,2017-12-11T05:23:28Z
JUOXO9053O@gmail.com,0,1,1,1,0,1,1,1,1,1,0,2017-12-11T14:59:07Z,2017-12-11T14:59:18Z,2017-12-11T14:59:33Z,2017-12-11T14:59:58Z,2017-12-11T15:00:21Z,2017-12-11T15:01:11Z,2017-12-11T15:02:01Z,2017-12-11T15:02:48Z,2017-12-11T15:03:34Z,2017-12-11T15:04:22Z,2017-12-11T15:05:09Z
CZAVS0053M@gmail.com,0,1,1,1,1,1,1,1,1,0,0,2017-12-11T17:39:08Z,2017-12-11T17:39:12Z,2017-12-11T17:39:29Z,2017-12-11T17:39:52Z,2017-12-11T17:40:12Z,2017-12-11T17:41:08Z,2017-12-11T17:42:00Z,2017-12-11T17:42:53Z,2017-12-11T17:43:42Z,2017-12-11T17:44:37Z,2017-12-11T17:45:29Z
BYZPV4318L@gmail.com,1,1,1,1,1,1,0,1,1,1,0,2017-12-12T06:23:55Z,2017-12-12T06:24:03Z,2017-12-12T06:24:21Z,2017-12-12T06:24:41Z,2017-12-12T06:25:09Z,2017-12-12T06:25:53Z,2017-12-12T06:26:45Z,2017-12-12T06:27:39Z,2017-12-12T06:28:32Z,2017-12-12T06:29:18Z,2017-12-12T06:30:03Z
JAOKI3927R@gmail.com,1,1,1,1,1,1,0,0,1,1,1,2017-12-12T06:39:51Z,2017-12-12T06:40:03Z,2017-12-12T06:40:19Z,2017-12-12T06:40:39Z,2017-12-12T06:41:02Z,2017-12-12T06:41:42Z,2017-12-12T06:42:30Z,2017-12-12T06:43:22Z,2017-12-12T06:44:11Z,2017-12-12T06:45:01Z,2017-12-12T06:45:56Z
GJMBW2676L@gmail.com,1,1,0,1,1,1,0,0,1,0,1,2017-12-12T07:41:43Z,2017-12-12T07:41:56Z,2017-12-12T07:42:03Z,2017-12-12T07:42:16Z,2017-12-12T07:42:33Z,2017-12-12T07:43:17Z,2017-12-12T07:44:06Z,2017-12-12T07:45:02Z,2017-12-12T07:45:57Z,2017-12-12T07:46:41Z,2017-12-12T07:47:29Z
WUCGG4227B@gmail.com,1,0,1,1,1,1,1,1,0,1,0,2017-12-12T08:34:15Z,2017-12-12T08:34:29Z,2017-12-12T08:34:44Z,2017-12-12T08:35:02Z,2017-12-12T08:35:22Z,2017-12-12T08:36:04Z,2017-12-12T08:36:59Z,2017-12-12T08:37:42Z,2017-12-12T08:38:30Z,2017-12-12T08:39:22Z,2017-12-12T08:40:17Z
BKIOW0513J@gmail.com,1,1,1,1,0,1,1,1,1,0,0,2017-12-12T10:30:04Z,2017-12-12T10:30:19Z,2017-12-12T10:30:34Z,2017-12-12T10:30:46Z,2017-12-12T10:31:08Z,2017-12-12T10:31:56Z,2017-12-12T10:32:44Z,2017-12-12T10:33:34Z,2017-12-12T10:34:24Z,2017-12-12T10:35:14Z,2017-12-12T10:36:04Z
PHQLN7413A@gmail.com,1,0,0,1,1,1,1,1,1,0,1,2017-12-12T19:30:55Z,2017-12-12T19:31:00Z,2017-12-12T19:31:18Z,2017-12-12T19:31:43Z,2017-12-12T19:32:07Z,2017-12-12T19:32:56Z,2017-12-12T19:33:47Z,2017-12-12T19:34:39Z,2017-12-12T19:35:31Z,2017-12-12T19:36:21Z,2017-12-12T19:37:09Z
DZMNT3729B@gmail.com,1,1,1,1,1,1,1,1,1,1,1,2017-12-12T19:56:17Z,2017-12-12T19:56:26Z,2017-12-12T19:56:39Z,2017-12-12T19:57:02Z,2017-12-12T19:57:16Z,2017-12-12T19:58:00Z,2017-12-12T19:58:51Z,2017-12-12T19:59:41Z,2017-12-12T20:00:29Z,2017-12-12T20:01:22Z,2017-12-12T20:02:11Z
VDDTS4658H@gmail.com,1,1,1,1,1,1,0,1,1,1,1,2017-12-12T22:08:54Z,2017-12-12T22:09:05Z,2017-12-12T22:09:18Z,2017-12-12T22:09:40Z,2017-12-12T22:09:57Z,2017-12-12T22:10:48Z,2017-12-12T22:11:36Z,2017-12-12T22:12:29Z,2017-12-12T22:13:21Z,2017-12-12T22:14:14Z,2017-12-12T22:15:02Z
ADRXM8548M@gmail.com,1,0,1,1,0,1,0,0,1,1,0,2017-12-13T16:47:31Z,2017-12-13T16:47:39Z,2017-12-13T16:47:50Z,2017-12-13T16:48:09Z,2017-12-13T16:48:26Z,2017-12-13T16:49:07Z,2017-12-13T16:49:58Z,2017-12-13T16:50:52Z,2017-12-13T16:51:38Z,2017-12-13T16:52:27Z,2017-12-13T16:53:08Z
KMRZI6749V@gmail.com,1,1,1,1,1,1,1,1,1,1,1,2017-12-14T08:11:57Z,2017-12-14T08:12:05Z,2017-12-14T08:12:18Z,2017-12-14T08:12:37Z,2017-12-14T08:12:51Z,2017-12-14T08:13:34Z,2017-12-14T08:14:19Z,2017-12-14T08:15:13Z,2017-12-14T08:16:12Z,2017-12-14T08:17:07Z,2017-12-14T08:17:55Z
YLLRB3565Q@gmail.com,1,1,0,1,1,1,1,1,1,1,0,2017-12-14T09:59:09Z,2017-12-14T09:59:20Z,2017-12-14T09:59:38Z,2017-12-14T09:59:58Z,2017-12-14T10:00:19Z,2017-12-14T10:01:11Z,2017-12-14T10:02:05Z,2017-12-14T10:02:52Z,2017-12-14T10:03:41Z,2017-12-14T10:04:30Z,2017-12-14T10:05:22Z
NOGTD4258Z@gmail.com,0,0,0,1,1,1,0,1,1,1,0,2017-12-14T16:56:54Z,2017-12-14T16:57:03Z,2017-12-14T16:57:19Z,2017-12-14T16:57:39Z,2017-12-14T16:58:00Z,2017-12-14T16:58:39Z,2017-12-14T16:59:34Z,2017-12-14T17:00:27Z,2017-12-14T17:01:23Z,2017-12-14T17:02:12Z,2017-12-14T17:03:06Z
XGFPV9254M@gmail.com,0,1,1,1,1,0,0,1,0,1,0,2017-12-14T17:13:07Z,2017-12-14T17:13:14Z,2017-12-14T17:13:22Z,2017-12-14T17:13:41Z,2017-12-14T17:14:01Z,2017-12-14T17:14:44Z,2017-12-14T17:15:31Z,2017-12-14T17:16:16Z,2017-12-14T17:17:05Z,2017-12-14T17:18:01Z,2017-12-14T17:18:54Z
JJFSU7203Z@gmail.com,1,0,1,1,1,1,0,1,1,0,0,2017-12-14T22:06:01Z,2017-12-14T22:06:08Z,2017-12-14T22:06:23Z,2017-12-14T22:06:44Z,2017-12-14T22:07:06Z,2017-12-14T22:07:53Z,2017-12-14T22:08:38Z,2017-12-14T22:09:34Z,2017-12-14T22:10:34Z,2017-12-14T22:11:25Z,2017-12-14T22:12:18Z
PPLLQ1264K@gmail.com,0,1,1,1,1,1,1,1,1,1,1,2017-12-15T01:24:10Z,2017-12-15T01:24:18Z,2017-12-15T01:24:35Z,2017-12-15T01:24:57Z,2017-12-15T01:25:16Z,2017-12-15T01:25:58Z,2017-12-15T01:26:46Z,2017-12-15T01:27:38Z,2017-12-15T01:28:27Z,2017-12-15T01:29:19Z,2017-12-15T01:30:02Z
TGEJI0425L@gmail.com,1,1,1,1,0,1,1,1,1,1,0,2017-12-15T05:46:45Z,2017-12-15T05:46:49Z,2017-12-15T05:47:01Z,2017-12-15T05:47:22Z,2017-12-15T05:47:35Z,2017-12-15T05:48:23Z,2017-12-15T05:49:08Z,2017-12-15T05:49:55Z,2017-12-15T05:50:52Z,2017-12-15T05:51:39Z,2017-12-15T05:52:33Z
PDHRO0690J@gmail.com,1,1,0,1,1,1,1,1,0,1,1,2017-12-15T09:16:26Z,2017-12-15T09:16:43Z,2017-12-15T09:16:57Z,2017-12-15T09:17:15Z,2017-12-15T09:17:36Z,2017-12-15T09:18:22Z,2017-12-15T09:19:10Z,2017-12-15T09:20:01Z,2017-12-15T09:20:52Z,2017-12-15T09:21:42Z,2017-12-15T09:22:37Z
SRSUG4087E@gmail.com,1,1,1,1,1,1,0,1,0,1,1,2017-12-15T21:41:46Z,2017-12-15T21:41:59Z,2017-12-15T21:42:17Z,2017-12-15T21:42:36Z,2017-12-15T21:42:57Z,2017-12-15T21:43:49Z,2017-12-15T21:44:34Z,2017-12-15T21:45:22Z,2017-12-15T21:46:11Z,2017-12-15T21:46:58Z,2017-12-15T21:47:49Z
JEVNW9860X@gmail.com,1,0,1,0,0,1,1,1,1,1,0,2017-12-16T04:53:19Z,2017-12-16T04:53:37Z,2017-12-16T04:53:49Z,2017-12-16T04:54:12Z,2017-12-16T04:54:23Z,2017-12-16T04:55:09Z,2017-12-16T04:55:59Z,2017-12-16T04:56:41Z,2017-12-16T04:57:30Z,2017-12-16T04:58:23Z,2017-12-16T04:59:15Z
ZBJML4236G@gmail.com,1,0,1,1,1,1,1,1,1,1,1,2017-12-17T09:00:18Z,2017-12-17T09:00:28Z,2017-12-17T09:00:41Z,2017-12-17T09:00:58Z,2017-12-17T09:01:16Z,2017-12-17T09:02:04Z,2017-12-17T09:02:56Z,2017-12-17T09:03:43Z,2017-12-17T09:04:38Z,2017-12-17T09:05:31Z,2017-12-17T09:06:21Z
NCPBD5587V@gmail.com,0,1,1,1,1,1,1,1,1,1,1,2017-12-17T13:43:17Z,2017-12-17T13:43:29Z,2017-12-17T13:43:40Z,2017-12-17T13:43:59Z,2017-12-17T13:44:18Z,2017-12-17T13:45:02Z,2017-12-17T13:45:54Z,2017-12-17T13:46:43Z,2017-12-17T13:47:27Z,2017-12-17T13:48:08Z,2017-12-17T13:48:57Z
YLZVM0087Q@gmail.com,1,1,1,0,1,1,1,1,0,0,1,2017-12-17T15:51:30Z,2017-12-17T15:51:39Z,2017-12-17T15:52:02Z,2017-12-17T15:52:17Z,2017-12-17T15:52:41Z,2017-12-17T15:53:24Z,2017-12-17T15:54:12Z,2017-12-17T15:55:08Z,2017-12-17T15:55:55Z,2017-12-17T15:56:45Z,2017-12-17T15:57:38Z
JBYNO3877V@gmail.com,0,1,1,1,1,1,1,1,1,0,1,2017-12-17T16:49:06Z,2017-12-17T16:49:18Z,2017-12-17T16:49:36Z,2017-12-17T16:49:56Z,2017-12-17T16:50:10Z,2017-12-17T16:50:52Z,2017-12-17T16:51:42Z,2017-12-17T16:52:32Z,2017-12-17T16:53:22Z,2017-12-17T16:54:11Z,2017-12-17T16:54:54Z
JOQTV6943S@gmail.com,1,1,1,1,1,1,1,1,1,0,1,2017-12-18T00:16:46Z,2017-12-18T00:16:50Z,2017-12-18T00:16:58Z,2017-12-18T00:17:17Z,2017-12-18T00:17:33Z,2017-12-18T00:18:20Z,2017-12-18T00:19:12Z,2017-12-18T00:20:02Z,2017-12-18T00:20:57Z,2017-12-18T00:21:52Z,2017-12-18T00:22:43Z
HLFSW3732W@gmail.com,1,0,1,1,1,1,1,1,1,1,0,2017-12-18T08:14:35Z,2017-12-18T08:14:42Z,2017-12-18T08:14:56Z,2017-12-18T08:15:20Z,2017-12-18T08:15:38Z,2017-12-18T08:16:27Z,2017-12-18T08:17:21Z,2017-12-18T08:18:16Z,2017-12-18T08:19:12Z,2017-12-18T08:19:56Z,2017-12-18T08:20:43Z
AKQQE8969S@gmail.com,1,0,1,1,1,1,1,1,1,1,1,2017-12-18T10:01:30Z,2017-12-18T10:01:37Z,2017-12-18T10:01:54Z,2017-12-18T10:02:08Z,2017-12-18T10:02:21Z,2017-12-18T10:03:06Z,2017-12-18T10:03:59Z,2017-12-18T10:04:53Z,2017-12-18T10:05:45Z,2017-12-18T10:06:34Z,2017-12-18T10:07:21Z
WKTAX2211O@gmail.com,1,0,1,1,0,1,1,1,1,1,1,2017-12-18T18:48:25Z,2017-12-18T18:48:32Z,2017-12-18T18:48:50Z,2017-12-18T18:49:14Z,2017-12-18T18:49:34Z,2017-12-18T18:50:16Z,2017-12-18T18:51:02Z,2017-12-18T18:51:54Z,2017-12-18T18:52:43Z,2017-12-18T18:53:36Z,2017-12-18T18:54:29Z
LEEEH0873L@gmail.com,1,0,1,1,1,1,1,1,0,1,1,2017-12-19T03:38:15Z,2017-12-19T03:38:28Z,2017-12-19T03:38:44Z,2017-12-19T03:39:08Z,2017-12-19T03:39:32Z,2017-12-19T03:40:16Z,2017-12-19T03:41:08Z,2017-12-19T03:41:56Z,2017-12-19T03:42:44Z,2017-12-19T03:43:29Z,2017-12-19T03:44:26Z
AIHCX0701R@gmail.com,1,1,0,1,1,1,1,1,0,1,1,2017-12-19T05:51:58Z,2017-12-19T05:52:06Z,2017-12-19T05:52:12Z,2017-12-19T05:52:38Z,2017-12-19T05:52:59Z,2017-12-19T05:53:44Z,2017-12-19T05:54:35Z,2017-12-19T05:55:22Z,2017-12-19T05:56:09Z,2017-12-19T05:56:59Z,2017-12-19T05:57:52Z
QZTWY5098I@gmail.com,1,0,1,1,1,1,1,1,1,1,1,2017-12-19T07:17:50Z,2017-12-19T07:18:04Z,2017-12-19T07:18:24Z,2017-12-19T07:18:47Z,2017-12-19T07:19:09Z,2017-12-19T07:19:55Z,2017-12-19T07:20:49Z,2017-12-19T07:21:48Z,2017-12-19T07:22:41Z,2017-12-19T07:23:31Z,2017-12-19T07:24:27Z
RXKXO4058L@gmail.com,1,1,1,1,1,0,1,1,0,1,0,2017-12-19T15:19:10Z,2017-12-19T15:19:19Z,2017-12-19T15:19:30Z,2017-12-19T15:19:51Z,2017-12-19T15:20:12Z,2017-12-19T15:21:01Z,2017-12-19T15:21:56Z,2017-12-19T15:22:38Z,2017-12-19T15:23:27Z,2017-12-19T15:24:15Z,2017-12-19T15:25:08Z
CVYKH4988U@gmail.com,1,1,0,0,1,1,0,1,0,1,1,2017-12-19T18:30:53Z,2017-12-19T18:31:04Z,2017-12-19T18:31:16Z,2017-12-19T18:31:34Z,2017-12-19T18:31:48Z,2017-12-19T18:32:26Z,2017-12-19T18:33:20Z,2017-12-19T18:34:04Z,2017-12-19T18:34:58Z,2017-12-19T18:35:46Z,2017-12-19T18:36:39Z
DASMA1894X@gmail.com,1,1,1,1,1,1,1,1,1,1,1,2017-12-19T23:50:43Z,2017-12-19T23:50:52Z,2017-12-19T23:51:10Z,2017-12-19T23:51:27Z,2017-12-19T23:51:41Z,2017-12-19T23:52:25Z,2017-12-19T23:53:18Z,2017-12-19T23:54:09Z,2017-12-19T23:54:59Z,2017-12-19T23:55:47Z,2017-12-19T23:56:40Z
EKQKO8875M@gmail.com,0,1,1,1,1,1,1,1,1,1,1,2017-12-20T03:14:40Z,2017-12-20T03:14:48Z,2017-12-20T03:15:03Z,2017-12-20T03:15:27Z,2017-12-20T03:15:47Z,2017-12-20T03:16:31Z,2017-12-20T03:17:28Z,2017-12-20T03:18:19Z,2017-12-20T03:19:03Z,2017-12-20T03:19:48Z,2017-12-20T03:20:35Z
RQTBS8547K@gmail.com,1,1,1,1,1,1,0,1,1,1,0,2017-12-20T05:37:18Z,2017-12-20T05:37:34Z,2017-12-20T05:37:49Z,2017-12-20T05:38:14Z,2017-12-20T05:38:34Z,2017-12-20T05:39:18Z,2017-12-20T05:40:08Z,2017-12-20T05:40:53Z,2017-12-20T05:41:44Z,2017-12-20T05:42:38Z,2017-12-20T05:43:29Z
QAEQG1501P@gmail.com,1,1,1,1,1,1,1,1,0,1,0,2017-12-20T15:19:15Z,2017-12-20T15:19:25Z,2017-12-20T15:19:42Z,2017-12-20T15:19:55Z,2017-12-20T15:20:06Z,2017-12-20T15:20:48Z,2017-12-20T15:21:31Z,2017-12-20T15:22:13Z,2017-12-20T15:23:03Z,2017-12-20T15:23:51Z,2017-12-20T15:24:48Z
PKLWJ0230E@gmail.com,1,1,1,1,1,1,1,1,1,1,1,2017-12-20T18:06:20Z,2017-12-20T18:06:27Z,2017-12-20T18:06:44Z,2017-12-20T18:07:05Z,2017-12-20T18:07:29Z,2017-12-20T18:08:19Z,2017-12-20T18:09:13Z,2017-12-20T18:10:03Z,2017-12-20T18:10:52Z,2017-12-20T18:11:38Z,2017-12-20T18:12:32Z
TKXPX2055O@gmail.com,1,1,1,1,1,1,1,1,1,1,1,2017-12-20T19:17:19Z,2017-12-20T19:17:23Z,2017-12-20T19:17:36Z,2017-12-20T19:18:03Z,2017-12-20T19:18:26Z,2017-12-20T19:19:11Z,2017-12-20T19:20:01Z,2017-12-20T19:20:57Z,2017-12-20T19:21:46Z,2017-12-20T19:22:32Z,2017-12-20T19:23:27Z
BAWOC1960B@gmail.com,1,1,1,1,1,1,1,1,1,1,1,2017-12-21T05:11:17Z,2017-12-21T05:11:25Z,2017-12-21T05:11:42Z,2017-12-21T05:11:53Z,2017-12-21T05:12:22Z,2017-12-21T05:13:11Z,2017-12-21T05:13:56Z,2017-12-21T05:14:48Z,2017-12-21T05:15:39Z,2017-12-21T05:16:32Z,2017-12-21T05:17:23Z
TSZNG1758Q@gmail.com,1,1,1,1,1,1,1,1,0,1,1,2017-12-21T11:30:49Z,2017-12-21T11:30:58Z,2017-12-21T11:31:10Z,2017-12-21T11:31:33Z,2017-12-21T11:31:45Z,2017-12-21T11:32:30Z,2017-12-21T11:33:19Z,2017-12-21T11:34:10Z,2017-12-21T11:35:02Z,2017-12-21T11:35:57Z,2017-12-21T11:36:38Z
NNLWY8929I@gmail.com,1,1,1,1,1,1,1,1,1,1,0,2017-12-22T01:35:53Z,2017-12-22T01:36:00Z,2017-12-22T01:36:20Z,2017-12-22T01:36:38Z,2017-12-22T01:36:54Z,2017-12-22T01:37:37Z,2017-12-22T01:38:28Z,2017-12-22T01:39:13Z,2017-12-22T01:40:01Z,2017-12-22T01:40:53Z,2017-12-22T01:41:40Z
SSWXX5160S@gmail.com,1,1,1,1,1,0,1,1,0,1,0,2017-12-22T02:01:00Z,2017-12-22T02:01:10Z,2017-12-22T02:01:19Z,2017-12-22T02:01:38Z,2017-12-22T02:01:57Z,2017-12-22T02:02:41Z,2017-12-22T02:03:31Z,2017-12-22T02:04:18Z,2017-12-22T02:05:04Z,2017-12-22T02:05:51Z,2017-12-22T02:06:41Z
SNXMG9916L@gmail.com,1,1,1,1,1,1,0,1,1,0,1,2017-12-22T07:14:19Z,2017-12-22T07:14:24Z,2017-12-22T07:14:35Z,2017-12-22T07:14:50Z,2017-12-22T07:15:06Z,2017-12-22T07:15:50Z,2017-12-22T07:16:36Z,2017-12-22T07:17:18Z,2017-12-22T07:18:05Z,2017-12-22T07:18:56Z,2017-12-22T07:19:43Z
XVLCS2113D@gmail.com,1,1,1,1,1,1,0,1,1,1,1,2017-12-22T23:18:35Z,2017-12-22T23:18:47Z,2017-12-22T23:19:04Z,2017-12-22T23:19:22Z,2017-12-22T23:19:44Z,2017-12-22T23:20:23Z,2017-12-22T23:21:15Z,2017-12-22T23:22:09Z,2017-12-22T23:22:54Z,2017-12-22T23:23:36Z,2017-12-22T23:24:28Z
IKIBA2457S@gmail.com,1,1,1,1,1,0,0,1,0,1,0,2017-12-22T23:42:00Z,2017-12-22T23:42:10Z,2017-12-22T23:42:28Z,2017-12-22T23:42:47Z,2017-12-22T23:43:00Z,2017-12-22T23:43:42Z,2017-12-22T23:44:39Z,2017-12-22T23:45:30Z,2017-12-22T23:46:13Z,2017-12-22T23:47:12Z,2017-12-22T23:47:59Z
FBHKV0406U@gmail.com,0,0,1,1,1,1,1,1,1,1,1,2017-12-23T04:57:04Z,2017-12-23T04:57:07Z,2017-12-23T04:57:20Z,2017-12-23T04:57:36Z,2017-12-23T04:57:56Z,2017-12-23T04:58:37Z,2017-12-23T04:59:31Z,2017-12-23T05:00:20Z,2017-12-23T05:01:14Z,2017-12-23T05:02:04Z,2017-12-23T05:02:50Z
PVQDU0583C@gmail.com,1,1,1,1,1,1,0,1,1,1,0,2017-12-23T06:27:56Z,2017-12-23T06:28:03Z,2017-12-23T06:28:20Z,2017-12-23T06:28:42Z,2017-12-23T06:29:05Z,2017-12-23T06:29:58Z,2017-12-23T06:30:45Z,2017-12-23T06:31:33Z,2017-12-23T06:32:25Z,2017-12-23T06:33:16Z,2017-12-23T06:34:01Z
BWQGS4710O@gmail.com,1,1,1,1,1,0,0,1,1,0,1,2017-12-23T11:03:53Z,2017-12-23T11:04:07Z,2017-12-23T11:04:33Z,2017-12-23T11:04:47Z,2017-12-23T11:05:01Z,2017-12-23T11:05:44Z,2017-12-23T11:06:37Z,2017-12-23T11:07:33Z,2017-12-23T11:08:22Z,2017-12-23T11:09:13Z,2017-12-23T11:10:08Z
XWCBC6822O@gmail.com,0,1,1,1,1,1,1,1,1,1,1,2017-12-24T20:39:30Z,2017-12-24T20:39:38Z,2017-12-24T20:39:57Z,2017-12-24T20:40:16Z,2017-12-24T20:40:36Z,2017-12-24T20:41:26Z,2017-12-24T20:42:14Z,2017-12-24T20:43:06Z,2017-12-24T20:43:50Z,2017-12-24T20:44:40Z,2017-12-24T20:45:35Z
BVJKR5755W@gmail.com,1,1,1,1,1,1,0,1,1,0,1,2017-12-24T21:35:43Z,2017-12-24T21:35:54Z,2017-12-24T21:36:08Z,2017-12-24T21:36:30Z,2017-12-24T21:36:49Z,2017-12-24T21:37:27Z,2017-12-24T21:38:24Z,2017-12-24T21:39:19Z,2017-12-24T21:40:13Z,2017-12-24T21:40:58Z,2017-12-24T21:41:50Z
GWFFO8659O@gmail.com,1,1,1,1,1,1,1,1,1,1,1,2017-12-24T21:48:19Z,2017-12-24T21:48:23Z,2017-12-24T21:48:44Z,2017-12-24T21:49:03Z,2017-12-24T21:49:24Z,2017-12-24T21:50:19Z,2017-12-24T21:51:06Z,2017-12-24T21:51:54Z,2017-12-24T21:52:47Z,2017-12-24T21:53:28Z,2017-12-24T21:54:18Z
RSOQS8631L@gmail.com,0,0,1,1,1,0,1,1,1,1,1,2017-12-24T23:11:09Z,2017-12-24T23:11:17Z,2017-12-24T23:11:26Z,2017-12-24T23:11:46Z,2017-12-24T23:12:07Z,2017-12-24T23:12:48Z,2017-12-24T23:13:44Z,2017-12-24T23:14:35Z,2017-12-24T23:15:29Z,2017-12-24T23:16:19Z,2017-12-24T23:17:17Z
AKEQL1346T@gmail.com,1,1,1,1,1,1,1,1,1,1,0,2017-12-25T00:36:45Z,2017-12-25T00:36:52Z,2017-12-25T00:37:06Z,2017-12-25T00:37:24Z,2017-12-25T00:37:46Z,2017-12-25T00:38:34Z,2017-12-25T00:39:27Z,2017-12-25T00:40:20Z,2017-12-25T00:41:09Z,2017-12-25T00:41:53Z,2017-12-25T00:42:43Z
JCKTH5993C@gmail.com,1,1,1,1,1,1,1,1,1,1,1,2017-12-25T02:00:39Z,2017-12-25T02:00:55Z,2017-12-25T02:01:14Z,2017-12-25T02:01:38Z,2017-12-25T02:01:59Z,2017-12-25T02:02:45Z,2017-12-25T02:03:30Z,2017-12-25T02:04:20Z,2017-12-25T02:05:15Z,2017-12-25T02:06:08Z,2017-12-25T02:06:55Z
EBUYC7201D@gmail.com,1,1,1,1,1,1,1,1,1,0,1,2017-12-25T06:24:28Z,2017-12-25T06:24:40Z,2017-12-25T06:24:54Z,2017-12-25T06:25:15Z,2017-12-25T06:25:47Z,2017-12-25T06:26:27Z,2017-12-25T06:27:13Z,2017-12-25T06:28:02Z,2017-12-25T06:28:49Z,2017-12-25T06:29:40Z,2017-12-25T06:30:36Z
RAXUM4201L@gmail.com,1,1,1,1,0,1,1,1,1,1,1,2017-12-25T06:47:38Z,2017-12-25T06:47:48Z,2017-12-25T06:48:00Z,2017-12-25T06:48:20Z,2017-12-25T06:48:41Z,2017-12-25T06:49:28Z,2017-12-25T06:50:18Z,2017-12-25T06:51:08Z,2017-12-25T06:51:58Z,2017-12-25T06:52:50Z,2017-12-25T06:53:36Z
XPNEO7211E@gmail.com,1,1,1,0,0,1,1,1,1,1,1,2017-12-25T13:28:37Z,2017-12-25T13:28:50Z,2017-12-25T13:29:03Z,2017-12-25T13:29:22Z,2017-12-25T13:29:36Z,2017-12-25T13:30:23Z,2017-12-25T13:31:18Z,2017-12-25T13:32:09Z,2017-12-25T13:33:05Z,2017-12-25T13:33:52Z,2017-12-25T13:34:39Z
RSTAD2733V@gmail.com,1,1,1,1,1,1,1,1,1,1,1,2017-12-25T18:03:27Z,2017-12-25T18:03:38Z,2017-12-25T18:03:53Z,2017-12-25T18:04:12Z,2017-12-25T18:04:34Z,2017-12-25T18:05:12Z,2017-12-25T18:06:05Z,2017-12-25T18:06:56Z,2017-12-25T18:07:44Z,2017-12-25T18:08:39Z,2017-12-25T18:09:27Z
FKRPD9169N@gmail.com,0,1,1,1,1,1,1,1,1,1,1,2017-12-25T22:53:51Z,2017-12-25T22:54:03Z,2017-12-25T22:54:18Z,2017-12-25T22:54:46Z,2017-12-25T22:55:03Z,2017-12-25T22:55:46Z,2017-12-25T22:56:34Z,2017-12-25T22:57:26Z,2017-12-25T22:58:15Z,2017-12-25T22:59:07Z,2017-12-25T22:59:54Z
VAIIC2097B@gmail.com,1,1,1,1,1,1,0,1,1,1,0,2017-12-26T08:02:01Z,2017-12-26T08:02:14Z,2017-12-26T08:02:33Z,2017-12-26T08:02:57Z,2017-12-26T08:03:14Z,2017-12-26T08:03:56Z,2017-12-26T08:04:44Z,2017-12-26T08:05:38Z,2017-12-26T08:06:27Z,2017-12-26T08:07:16Z,2017-12-26T08:08:09Z
OXBRP6553S@gmail.com,0,1,1,1,1,1,0,1,1,1,1,2017-12-26T10:54:01Z,2017-12-26T10:54:15Z,2017-12-26T10:54:28Z,2017-12-26T10:54:51Z,2017-12-26T10:55:09Z,2017-12-26T10:55:57Z,2017-12-26T10:56:43Z,2017-12-26T10:57:33Z,2017-12-26T10:58:22Z,2017-12-26T10:59:14Z,2017-12-26T10:59:59Z
ZLIHB8772J@gmail.com,1,1,1,1,1,1,1,1,1,1,1,2017-12-26T11:14:08Z,2017-12-26T11:14:14Z,2017-12-26T11:14:38Z,2017-12-26T11:14:55Z,2017-12-26T11:15:11Z,2017-12-26T11:15:55Z,2017-12-26T11:16:44Z,2017-12-26T11:17:34Z,2017-12-26T11:18:24Z,2017-12-26T11:19:18Z,2017-12-26T11:20:06Z
JGGUK3322P@gmail.com,1,0,1,1,1,1,0,1,1,1,1,2017-12-26T15:09:30Z,2017-12-26T15:09:40Z,2017-12-26T15:09:55Z,2017-12-26T15:10:22Z,2017-12-26T15:10:44Z,2017-12-26T15:11:25Z,2017-12-26T15:12:10Z,2017-12-26T15:12:52Z,2017-12-26T15:13:44Z,2017-12-26T15:14:34Z,2017-12-26T15:15:31Z
DJVEO6359D@gmail.com,1,1,1,1,1,1,1,1,1,1,1,2017-12-26T18:50:55Z,2017-12-26T18:51:02Z,2017-12-26T18:51:17Z,2017-12-26T18:51:38Z,2017-12-26T18:51:57Z,2017-12-26T18:52:49Z,2017-12-26T18:53:31Z,2017-12-26T18:54:20Z,2017-12-26T18:55:08Z,2017-12-26T18:56:04Z,2017-12-26T18:56:50Z
PTFZY2788V@gmail.com,0,1,1,1,1,1,0,1,1,1,1,2017-12-26T20:05:11Z,2017-12-26T20:05:13Z,2017-12-26T20:05:23Z,2017-12-26T20:05:47Z,2017-12-26T20:06:03Z,2017-12-26T20:06:51Z,2017-12-26T20:07:29Z,2017-12-26T20:08:22Z,2017-12-26T20:09:15Z,2017-12-26T20:09:59Z,2017-12-26T20:10:49Z
SEKUR1493B@gmail.com,1,1,1,1,1,1,1,1,1,1,0,2017-12-27T19:54:00Z,2017-12-27T19:54:07Z,2017-12-27T19:54:20Z,2017-12-27T19:54:34Z,2017-12-27T19:54:56Z,2017-12-27T19:55:39Z,2017-12-27T19:56:30Z,2017-12-27T19:57:26Z,2017-12-27T19:58:21Z,2017-12-27T19:59:19Z,2017-12-27T20:00:07Z
