email address,final exam
ADRXM8548M@gmail.com,NA
AIHCX0701R@gmail.com,NA
AKEQL1346T@gmail.com,NA
AKQQE8969S@gmail.com,NA
BAWOC1960B@gmail.com,NA
BKIOW0513J@gmail.com,NA
BRIEQ5909Q@gmail.com,NA
BVJKR5755W@gmail.com,NA
BWQGS4710O@gmail.com,NA
BYZPV4318L@gmail.com,NA
CVYKH4988U@gmail.com,NA
CZAVS0053M@gmail.com,NA
DASMA1894X@gmail.com,NA
DAVYO4155E@gmail.com,NA
DJVEO6359D@gmail.com,NA
DZMNT3729B@gmail.com,NA
EBUYC7201D@gmail.com,NA
ECDEM7888E@gmail.com,NA
EKQKO8875M@gmail.com,NA
FANED5031A@gmail.com,NA
FBHKV0406U@gmail.com,NA
FDWGC4708G@gmail.com,NA
FKRPD9169N@gmail.com,NA
FNUVA5346I@gmail.com,NA
FQYJV1821Q@gmail.com,NA
FTXHN4576J@gmail.com,NA
FYPMM8353A@gmail.com,NA
GFQZO4207H@gmail.com,NA
GJMBW2676L@gmail.com,NA
GWFFO8659O@gmail.com,NA
HLFSW3732W@gmail.com,NA
IJEFL0871K@gmail.com,NA
IKIBA2457S@gmail.com,NA
IOETV2344N@gmail.com,NA
IPXRS7337J@gmail.com,NA
ITNWT9882E@gmail.com,NA
JAOKI3927R@gmail.com,NA
JBDKB3414Z@gmail.com,NA
JBYNO3877V@gmail.com,NA
JCKTH5993C@gmail.com,NA
JEVNW9860X@gmail.com,NA
JGGUK3322P@gmail.com,NA
JJFSU7203Z@gmail.com,NA
JOQTV6943S@gmail.com,NA
JUOXO9053O@gmail.com,NA
KMRZI6749V@gmail.com,NA
KPLPN4382B@gmail.com,NA
LEEEH0873L@gmail.com,NA
NCPBD5587V@gmail.com,NA
NDUUR9603H@gmail.com,NA
NNLWY8929I@gmail.com,NA
NOGTD4258Z@gmail.com,NA
NSDUU8650E@gmail.com,NA
NWGDV0987P@gmail.com,NA
OXBRP6553S@gmail.com,NA
PBVHI1554X@gmail.com,NA
PDHRO0690J@gmail.com,NA
PHQLN7413A@gmail.com,NA
PKLWJ0230E@gmail.com,NA
PPLLQ1264K@gmail.com,NA
PTFZY2788V@gmail.com,NA
PVQDU0583C@gmail.com,NA
QAEQG1501P@gmail.com,NA
QZTWY5098I@gmail.com,NA
RAXUM4201L@gmail.com,NA
RQTBS8547K@gmail.com,NA
RSOQS8631L@gmail.com,NA
RSTAD2733V@gmail.com,NA
RXKXO4058L@gmail.com,NA
SEKUR1493B@gmail.com,NA
SNXMG9916L@gmail.com,NA
SRSUG4087E@gmail.com,NA
SSWXX5160S@gmail.com,NA
TGEJI0425L@gmail.com,NA
TKXPX2055O@gmail.com,NA
TSZNG1758Q@gmail.com,NA
TZLGQ2186O@gmail.com,NA
UPQQY8595I@gmail.com,NA
UPXWZ8813U@gmail.com,NA
UTKIJ1509E@gmail.com,NA
VAIIC2097B@gmail.com,NA
VDDTS4658H@gmail.com,NA
VGCXM6138O@gmail.com,NA
VIKNZ8532R@gmail.com,NA
VQGTN2070F@gmail.com,NA
WGBIA4052Y@gmail.com,NA
WHGTB4681C@gmail.com,NA
WKTAX2211O@gmail.com,NA
WUCGG4227B@gmail.com,NA
XCGVY6817O@gmail.com,NA
XGFPV9254M@gmail.com,NA
XPNEO7211E@gmail.com,NA
XRSUA4670N@gmail.com,NA
XVLCS2113D@gmail.com,NA
XWCBC6822O@gmail.com,NA
YLLRB3565Q@gmail.com,NA
YLZVM0087Q@gmail.com,NA
ZBJML4236G@gmail.com,NA
ZLIHB8772J@gmail.com,NA
ZYOIJ2808Z@gmail.com,NA
NA,NA
